data,loja,regiao,produto,quantidade,preco_unitario
2024-02-02 01:42:25.606694,Norte,Norte,Smartphone,2.0,1076.64
2024-10-09 12:45:11.297071,Leste,Centro-Oeste,Headset,4.0,1687.08
2024-08-27 18:28:37.154811,Norte,Norte,Mouse,,1992.15
2024-06-09 08:32:08.033472,Leste,Centro-Oeste,Notebook,2.0,1599.5
2024-06-06 07:13:48.451882,Leste,Centro-Oeste,Mouse,8.0,2120.9
2024-11-10 14:27:36.903765,Norte,Norte,Notebook,5.0,1731.31
2024-01-31 13:03:15.815899,Oeste,Sudeste,Teclado,5.0,1913.62
2024-09-12 01:00:15.062761,Sul,Sul,Notebook,3.0,295.32
2024-03-14 07:19:49.958158,Oeste,Sudeste,Monitor,,1624.69
2024-02-03 14:21:35.397489,Norte,Norte,Teclado,1.0,996.19
2024-07-11 10:14:33.640167,Norte,Norte,Teclado,3.0,1239.17
2024-12-23 08:44:11.046025,Sul,Sul,Monitor,4.0,1456.32
2024-09-25 18:52:43.179916,Norte,Norte,Headset,4.0,2135.1
2024-10-04 22:47:41.924686,Sul,Sul,Mouse,4.0,2166.84
2024-09-19 16:16:04.016736,Leste,Centro-Oeste,Smartphone,2.0,669.69
2024-10-14 02:42:40.669456,Norte,Norte,Teclado,2.0,1627.57
2024-07-06 20:17:04.267782,Leste,Centro-Oeste,Teclado,1.0,1662.46
2024-02-15 19:34:53.723849,Norte,Norte,Tablet,5.0,794.96
2024-11-02 23:11:47.949790,Norte,Norte,Teclado,3.0,316.32
2024-06-13 22:29:37.405857,Leste,Centro-Oeste,Headset,5.0,138.04
2024-07-02 06:19:34.895397,Oeste,Sudeste,Mouse,5.0,1721.29
2024-05-14 09:26:21.589958,Norte,Norte,Mouse,6.0,1102.85
2024-03-06 16:04:01.004184,Sul,Sul,Teclado,5.0,
2024-12-05 00:54:13.556485,Oeste,Sudeste,Tablet,6.0,1049.69
2024-10-12 14:03:30.878661,Oeste,Sudeste,Mouse,5.0,2152.52
2024-08-23 04:31:07.782426,Leste,Centro-Oeste,Tablet,6.0,934.89
2024-05-26 14:39:39.916317,Sul,Sul,Impressora,5.0,1756.42
2024-10-27 20:35:08.786610,Sul,Sul,Tablet,3.0,232.36
2024-07-17 12:51:12.803347,Leste,Centro-Oeste,Tablet,2.0,1244.24
2024-06-10 21:11:17.824267,Leste,Centro-Oeste,Smartphone,7.0,1774.43
2024-06-13 22:29:37.405857,Sul,Sul,Headset,3.0,2038.11
2024-03-23 11:14:48.702928,Norte,Norte,Smartphone,5.0,1818.55
2024-02-03 14:21:35.397489,Norte,Norte,Notebook,2.0,129.49
2024-07-22 02:48:42.175732,Oeste,Sudeste,Headset,4.0,851.31
2024-11-21 07:01:45.439330,Sul,Sul,Impressora,5.0,154.7
2024-01-23 21:47:26.861924,Sul,Sul,Monitor,6.0,284.96
2024-11-09 01:48:27.112970,Sul,Sul,Teclado,5.0,1501.91
2024-10-29 09:14:18.577405,Oeste,Sudeste,Monitor,3.0,1583.51
2024-04-10 19:04:46.192468,Norte,Norte,Smartphone,8.0,1713.5
2024-08-18 14:33:38.410041,Norte,Norte,Teclado,5.0,1910.73
2024-02-29 13:27:21.841004,Sul,Sul,Smartphone,7.0,1639.78
2024-10-03 10:08:32.133891,Sul,Sul,Impressora,6.0,1771.87
2024-09-13 13:39:24.853556,Leste,Centro-Oeste,Headset,5.0,155.27
2024-05-09 19:28:52.217573,Sul,Sul,Headset,8.0,554.25
2024-01-25 10:26:36.652719,Sul,Sul,Tablet,2.0,1387.08
2024-12-20 07:25:51.464435,Oeste,Sudeste,Mouse,8.0,1894.97
2024-06-10 21:11:17.824267,Norte,Norte,Impressora,7.0,59.68
2024-11-22 19:40:55.230125,Leste,Centro-Oeste,Monitor,5.0,1156.45
2024-09-04 09:44:26.108786,Leste,Centro-Oeste,Smartphone,6.0,1506.17
2024-10-11 01:24:21.087866,Sul,Sul,Monitor,5.0,113.66
2024-10-04 22:47:41.924686,Oeste,Sudeste,Teclado,3.0,912.91
2024-03-11 06:01:30.376569,Sul,Sul,Headset,7.0,1975.61
2024-05-12 20:47:11.799163,Oeste,Sudeste,Notebook,2.0,1493.97
2024-06-20 01:06:16.569037,Sul,Sul,Teclado,3.0,560.97
2024-06-30 17:40:25.104602,Leste,Centro-Oeste,Mouse,5.0,1883.48
2024-01-16 06:31:37.907949,Leste,Centro-Oeste,Headset,7.0,798.27
2024-07-19 01:30:22.594142,Oeste,Sudeste,Monitor,4.0,1884.69
2024-02-26 12:09:02.259414,Sul,Sul,Notebook,4.0,692.73
2024-09-28 20:11:02.761506,Sul,Sul,Tablet,1.0,1319.19
2024-09-05 22:23:35.899581,Norte,Norte,Mouse,1.0,903.42
2024-12-03 12:15:03.765690,Sul,Sul,Headset,1.0,640.87
2024-09-28 20:11:02.761506,Oeste,Sudeste,Teclado,1.0,1956.1
2024-05-12 20:47:11.799163,Norte,Norte,Notebook,7.0,453.33
2024-12-20 07:25:51.464435,Oeste,Sudeste,Notebook,7.0,232.34
2024-05-29 15:57:59.497907,Leste,Centro-Oeste,Monitor,7.0,785.14
2024-04-29 02:54:43.682008,Norte,Norte,Impressora,1.0,1592.92
2024-11-27 09:38:24.602510,Sul,Sul,Notebook,1.0,1785.98
2024-05-14 09:26:21.589958,Leste,Centro-Oeste,Teclado,3.0,2197.3
2024-01-28 11:44:56.234309,Sul,Sul,Impressora,5.0,687.18
2024-06-20 01:06:16.569037,Norte,Norte,Notebook,3.0,927.08
2024-10-17 04:01:00.251046,Leste,Centro-Oeste,Notebook,4.0,344.17
2024-03-09 17:22:20.585774,Leste,Centro-Oeste,Monitor,2.0,1285.97
2024-06-18 12:27:06.778242,Norte,Norte,Teclado,6.0,2194.8
2024-02-17 08:14:03.514644,Sul,Sul,Mouse,3.0,1556.89
2024-09-07 11:02:45.690376,Norte,Norte,Monitor,1.0,1329.71
2024-06-23 02:24:36.150627,Leste,Centro-Oeste,Tablet,6.0,893.59
2024-04-30 15:33:53.472803,Leste,Centro-Oeste,Headset,8.0,2017.89
2024-03-23 11:14:48.702928,Leste,Centro-Oeste,Monitor,1.0,1118.37
2024-07-25 04:07:01.757322,Oeste,Sudeste,Tablet,4.0,338.89
2024-09-01 08:26:06.527196,Oeste,Sudeste,Monitor,7.0,835.56
2024-12-09 14:51:42.928870,Sul,Sul,Notebook,6.0,194.41
2024-06-07 19:52:58.242677,Norte,Norte,Tablet,7.0,484.25
2024-02-28 00:48:12.050209,Leste,Centro-Oeste,Impressora,4.0,87.99
2024-10-30 21:53:28.368200,Oeste,Sudeste,Headset,3.0,1024.55
2024-08-18 14:33:38.410041,Oeste,Sudeste,Teclado,6.0,1414.26
2024-09-13 13:39:24.853556,Norte,Norte,Mouse,2.0,788.08
2024-02-05 03:00:45.188284,Norte,Norte,Impressora,,953.82
2024-04-23 00:18:04.518828,Norte,Norte,Notebook,5.0,2112.3
2024-10-08 00:06:01.506276,Norte,Norte,Monitor,6.0,1666.72
2024-10-30 21:53:28.368200,Leste,Centro-Oeste,Headset,1.0,1212.84
2024-06-07 19:52:58.242677,Leste,Centro-Oeste,Notebook,5.0,661.76
2024-10-21 17:58:29.623430,Sul,Sul,Headset,3.0,1978.54
2024-11-04 11:50:57.740585,Sul,Sul,Teclado,5.0,555.46
2024-05-20 12:03:00.753138,Oeste,Sudeste,Tablet,8.0,749.49
2024-11-24 08:20:05.020920,Sul,Sul,Mouse,1.0,
2024-04-15 09:02:15.564853,Oeste,Sudeste,Mouse,8.0,1188.52
2024-03-28 01:12:18.075313,Oeste,Sudeste,Notebook,4.0,1645.98
2024-09-05 22:23:35.899581,Sul,Sul,Notebook,,1320.1
2024-08-20 03:12:48.200836,Norte,Norte,Teclado,4.0,1454.89
2024-02-20 09:32:23.096234,Oeste,Sudeste,Headset,3.0,693.67
2024-10-30 21:53:28.368200,Leste,Centro-Oeste,Notebook,7.0,568.95
2024-03-12 18:40:40.167364,Sul,Sul,Teclado,6.0,743.36
2024-10-21 17:58:29.623430,Leste,Centro-Oeste,Smartphone,,384.2
2024-01-02 12:39:09.790794,Leste,Centro-Oeste,Teclado,6.0,1929.78
2024-10-18 16:40:10.041841,Oeste,Sudeste,Impressora,7.0,658.98
2024-10-14 02:42:40.669456,Sul,Sul,Notebook,4.0,1257.2
2024-10-12 14:03:30.878661,Oeste,Sudeste,Teclado,8.0,1752.75
2024-08-30 19:46:56.736401,Oeste,Sudeste,Headset,6.0,1735.22
2024-06-21 13:45:26.359832,Norte,Norte,Mouse,3.0,992.53
2024-09-15 02:18:34.644351,Norte,Norte,Notebook,1.0,1073.95
2024-04-10 19:04:46.192468,Leste,Centro-Oeste,Smartphone,6.0,2188.61
2024-10-12 14:03:30.878661,Norte,Norte,Smartphone,2.0,1500.38
2024-07-22 02:48:42.175732,Sul,Sul,Monitor,7.0,1801.47
2024-06-16 23:47:56.987447,Sul,Sul,Smartphone,5.0,1990.49
2024-07-03 18:58:44.686192,Oeste,Sudeste,Mouse,4.0,1743.32
2024-07-26 16:46:11.548117,Oeste,Sudeste,Mouse,2.0,448.14
2024-01-13 05:13:18.326359,Norte,Norte,Mouse,6.0,1258.67
2024-02-20 09:32:23.096234,Oeste,Sudeste,Smartphone,2.0,269.07
2024-03-29 13:51:27.866108,Norte,Norte,Notebook,4.0,1453.78
2024-02-11 05:37:24.351464,Leste,Centro-Oeste,Headset,7.0,2104.0
2024-06-09 08:32:08.033472,Oeste,Sudeste,Tablet,8.0,1152.37
2024-09-01 08:26:06.527196,Oeste,Sudeste,Teclado,8.0,980.89
2024-08-27 18:28:37.154811,Norte,Norte,Headset,8.0,127.06
2024-06-21 13:45:26.359832,Oeste,Sudeste,Notebook,5.0,2113.52
2024-11-09 01:48:27.112970,Norte,Norte,Notebook,,271.46
2024-07-25 04:07:01.757322,Leste,Centro-Oeste,Notebook,7.0,138.32
2024-01-30 00:24:06.025104,Sul,Sul,Smartphone,7.0,579.04
2024-10-06 11:26:51.715481,Sul,Sul,Notebook,8.0,190.89
2024-07-28 05:25:21.338912,Norte,Norte,Mouse,6.0,1028.5
2024-08-20 03:12:48.200836,Oeste,Sudeste,Impressora,2.0,1159.59
2024-07-25 04:07:01.757322,Sul,Sul,Headset,5.0,722.03
2024-07-20 14:09:32.384937,Leste,Centro-Oeste,Mouse,4.0,159.57
2024-02-02 01:42:25.606694,Sul,Sul,Headset,7.0,289.94
2024-07-23 15:27:51.966527,Sul,Sul,Smartphone,4.0,876.68
2024-10-17 04:01:00.251046,Oeste,Sudeste,Tablet,3.0,180.14
2024-04-19 22:59:44.937238,Norte,Norte,Mouse,1.0,1551.11
2024-08-07 21:59:29.874476,Leste,Centro-Oeste,Smartphone,7.0,495.09
2024-01-11 16:34:08.535564,Leste,Centro-Oeste,Notebook,7.0,699.45
2024-05-06 18:10:32.635983,Sul,Sul,Teclado,1.0,897.37
2024-06-07 19:52:58.242677,Sul,Sul,Mouse,4.0,945.71
2024-12-24 21:23:20.836820,Norte,Norte,Headset,4.0,53.57
2024-03-18 21:17:19.330543,Oeste,Sudeste,Headset,4.0,290.95
2024-04-10 19:04:46.192468,Oeste,Sudeste,Notebook,8.0,1904.94
2024-05-29 15:57:59.497907,Norte,Norte,Mouse,2.0,52.65
2024-12-29 11:20:50.209205,Norte,Norte,Mouse,3.0,1142.56
2024-11-07 13:09:17.322175,Norte,Norte,Teclado,2.0,1102.43
2024-01-13 05:13:18.326359,Norte,Norte,Mouse,2.0,766.15
2024-03-26 12:33:08.284518,Oeste,Sudeste,Mouse,8.0,977.35
2024-10-27 20:35:08.786610,Oeste,Sudeste,Monitor,8.0,1728.25
2024-01-20 20:29:07.280334,Norte,Norte,Notebook,1.0,1858.59
2024-11-09 01:48:27.112970,Leste,Centro-Oeste,Monitor,6.0,609.75
2024-04-12 07:43:55.983263,Norte,Norte,Smartphone,2.0,743.35
2024-12-01 23:35:53.974895,Sul,Sul,Notebook,2.0,571.34
2024-04-16 21:41:25.355648,Leste,Centro-Oeste,Notebook,3.0,1081.71
2024-06-07 19:52:58.242677,Leste,Centro-Oeste,Teclado,2.0,1519.01
2024-08-29 07:07:46.945606,Oeste,Sudeste,Impressora,4.0,540.74
2024-02-15 19:34:53.723849,Norte,Norte,Impressora,8.0,761.08
2024-07-22 02:48:42.175732,Norte,Norte,Teclado,5.0,
2024-07-03 18:58:44.686192,Sul,Sul,Impressora,6.0,154.42
2024-10-14 02:42:40.669456,Sul,Sul,Teclado,4.0,1040.65
2024-12-31 00:00:00.000000,Oeste,Sudeste,Notebook,1.0,1579.85
2024-08-30 19:46:56.736401,Oeste,Sudeste,Mouse,1.0,373.48
2024-05-29 15:57:59.497907,Sul,Sul,Monitor,3.0,151.85
2024-05-28 03:18:49.707112,Oeste,Sudeste,Smartphone,2.0,347.14
2024-06-01 17:16:19.079497,Sul,Sul,Mouse,7.0,2025.47
2024-10-24 19:16:49.205020,Leste,Centro-Oeste,Teclado,7.0,69.91
2024-04-27 14:15:33.891213,Sul,Sul,Notebook,7.0,454.89
2024-03-02 02:06:31.631799,Norte,Norte,Smartphone,6.0,117.26
2024-05-02 04:13:03.263598,Oeste,Sudeste,Notebook,5.0,287.85
2024-01-08 15:15:48.953974,Norte,Norte,Tablet,6.0,1383.32
2024-02-08 04:19:04.769874,Norte,Norte,Notebook,4.0,569.52
2024-02-02 01:42:25.606694,Norte,Norte,Teclado,6.0,1273.81
2024-10-09 12:45:11.297071,Sul,Sul,Impressora,7.0,1318.92
2024-09-21 04:55:13.807531,Norte,Norte,Headset,7.0,1876.29
2024-09-12 01:00:15.062761,Norte,Norte,Teclado,5.0,60.19
2024-06-16 23:47:56.987447,Leste,Centro-Oeste,Impressora,1.0,1884.74
2024-09-19 16:16:04.016736,Oeste,Sudeste,Impressora,6.0,1381.11
2024-02-28 00:48:12.050209,Norte,Norte,Notebook,3.0,399.9
2024-11-25 20:59:14.811715,Sul,Sul,Notebook,6.0,1711.82
2024-07-02 06:19:34.895397,Leste,Centro-Oeste,Impressora,5.0,1889.31
2024-12-09 14:51:42.928870,Oeste,Sudeste,Notebook,8.0,596.67
2024-02-24 23:29:52.468619,Leste,Centro-Oeste,Notebook,3.0,2025.41
2024-06-30 17:40:25.104602,Oeste,Sudeste,Smartphone,8.0,1027.08
2024-09-12 01:00:15.062761,Leste,Centro-Oeste,Headset,7.0,1347.36
2024-06-29 05:01:15.313807,Sul,Sul,Monitor,3.0,2167.0
2024-06-12 09:50:27.615062,Norte,Norte,Teclado,4.0,
2024-02-29 13:27:21.841004,Oeste,Sudeste,Monitor,5.0,1798.29
2024-05-18 23:23:50.962343,Oeste,Sudeste,Smartphone,7.0,734.56
2024-03-28 01:12:18.075313,Norte,Norte,Tablet,6.0,1768.31
2024-04-19 22:59:44.937238,Leste,Centro-Oeste,Notebook,7.0,1341.58
2024-09-07 11:02:45.690376,Norte,Norte,Mouse,3.0,515.16
2024-08-18 14:33:38.410041,Leste,Centro-Oeste,Smartphone,,940.16
2024-08-09 10:38:39.665271,Oeste,Sudeste,Monitor,4.0,732.92
2024-05-11 08:08:02.008368,Norte,Norte,Headset,8.0,217.93
2024-12-17 06:07:31.882845,Sul,Sul,Impressora,3.0,114.14
2024-02-02 01:42:25.606694,Norte,Norte,Monitor,5.0,794.93
2024-05-05 05:31:22.845188,Leste,Centro-Oeste,Impressora,1.0,90.92
2024-02-12 18:16:34.142259,Oeste,Sudeste,Mouse,7.0,405.8
2024-05-03 16:52:13.054393,Norte,Norte,Tablet,4.0,1609.14
2024-12-17 06:07:31.882845,Sul,Sul,Teclado,3.0,1572.4
2024-05-12 20:47:11.799163,Oeste,Sudeste,Mouse,5.0,1637.95
2024-11-28 22:17:34.393305,Sul,Sul,Impressora,4.0,731.88
2024-06-29 05:01:15.313807,Norte,Norte,Monitor,7.0,1963.54
2024-09-12 01:00:15.062761,Sul,Sul,Smartphone,5.0,1326.74
2024-06-15 11:08:47.196652,Leste,Centro-Oeste,Smartphone,5.0,320.96
2024-04-06 05:07:16.820083,Leste,Centro-Oeste,Headset,1.0,359.0
2024-10-06 11:26:51.715481,Sul,Sul,Impressora,1.0,1540.16
2024-12-20 07:25:51.464435,Oeste,Sudeste,Tablet,4.0,421.83
2024-04-06 05:07:16.820083,Leste,Centro-Oeste,Monitor,8.0,1140.68
2024-10-11 01:24:21.087866,Sul,Sul,Impressora,8.0,2182.32
2024-04-04 16:28:07.029288,Oeste,Sudeste,Impressora,6.0,58.62
2024-09-19 16:16:04.016736,Oeste,Sudeste,Teclado,6.0,85.65
2024-10-15 15:21:50.460251,Sul,Sul,Tablet,4.0,2185.13
2024-06-12 09:50:27.615062,Norte,Norte,Teclado,2.0,
2024-09-25 18:52:43.179916,Leste,Centro-Oeste,Monitor,1.0,322.86
2024-04-09 06:25:36.401673,Leste,Centro-Oeste,Headset,3.0,1979.2
2024-01-30 00:24:06.025104,Norte,Norte,Smartphone,3.0,1942.82
2024-02-05 03:00:45.188284,Leste,Centro-Oeste,Smartphone,2.0,1202.83
2024-06-12 09:50:27.615062,Oeste,Sudeste,Monitor,3.0,1386.85
2024-11-25 20:59:14.811715,Norte,Norte,Impressora,1.0,637.35
2024-02-15 19:34:53.723849,Leste,Centro-Oeste,Teclado,5.0,158.62
2024-06-15 11:08:47.196652,Norte,Norte,Monitor,8.0,1328.32
2024-09-13 13:39:24.853556,Leste,Centro-Oeste,Headset,6.0,683.72
2024-03-14 07:19:49.958158,Sul,Sul,Monitor,4.0,1476.79
2024-09-21 04:55:13.807531,Norte,Norte,Smartphone,4.0,1847.93
2024-04-21 11:38:54.728033,Oeste,Sudeste,Notebook,3.0,
2024-10-23 06:37:39.414225,Norte,Norte,Headset,,1330.78
2024-07-31 06:43:40.920502,Leste,Centro-Oeste,Smartphone,5.0,547.25
2024-07-19 01:30:22.594142,Norte,Norte,Headset,5.0,1928.86
2024-03-05 03:24:51.213389,Oeste,Sudeste,Tablet,1.0,595.38
2024-06-18 12:27:06.778242,Leste,Centro-Oeste,Notebook,4.0,1363.16
2024-11-09 01:48:27.112970,Oeste,Sudeste,Tablet,3.0,1240.11
2024-01-07 02:36:39.163179,Sul,Sul,Impressora,2.0,901.76
2024-10-04 22:47:41.924686,Sul,Sul,Monitor,6.0,1506.88
2024-06-29 05:01:15.313807,Leste,Centro-Oeste,Mouse,5.0,1610.4
2024-09-19 16:16:04.016736,Oeste,Sudeste,Impressora,6.0,1268.92
2024-08-30 19:46:56.736401,Oeste,Sudeste,Monitor,6.0,1680.61
2024-06-06 07:13:48.451882,Norte,Norte,Teclado,8.0,2164.35
2024-04-23 00:18:04.518828,Leste,Centro-Oeste,Headset,7.0,951.44
2024-08-17 01:54:28.619246,Norte,Norte,Monitor,5.0,1156.35
